<?xml version="1.0" encoding="UTF-8"?>
<decorators defaultdir="/decorators">
<!--  ngoai tru-->
	<excludes>
        	<pattern>/api*</pattern>
		<pattern>/login*</pattern>
		<pattern>/register*</pattern>
		<pattern>/funds*</pattern>
    	</excludes>
    <!-- apply Sitemesh default template -->
    <decorator name="admin" page="admin.jsp">
        <pattern>/admin*</pattern>
    </decorator>
    <decorator name="seller" page="seller.jsp">
        <pattern>/seller*</pattern>
    </decorator>
    <decorator name="web" page="web.jsp">
        <pattern>/*</pattern>
    </decorator>   
</decorators>